Workbook

Sheet README
A1: Spreadsheet baseline for HourMatch (all companies and plants fictional; generation curves are real Taipower data).
A2: data_* sheets: one row per company per hour. matched = MIN(use, certs). old_matched = MIN(old_certs, MAX(0, use - (certs - old_certs))).
A3: claims_* sheets: claim fields as a person would read them, then SUMPRODUCT formulas give the shares and the verdict.
A4: A claim holds if claimed% x 100 <= share + 50 basis points. RE100: plants commissioned before 2011 may cover at most 15% of use.
A5: Generated by eval/make_xlsx.py; values checked against eval/results_spreadsheet.json.

Sheet data_dev
A1: company | B1: date | C1: day | D1: hour | E1: dow | F1: use | G1: solar | H1: wind | I1: hydro | J1: certs | K1: old_certs | L1: matched | M1: old_matched
A2: NORTHBAY-FAB | B2: 2026-10-06 | C2: 1 | D2: 0 | E2: 2 | F2: 21891 | G2: 0 | H2: 20000 | I2: 0 | J2: 20000 | K2: 0 | L2: =MIN(F2,J2) | M2: =MIN(K2,MAX(0,F2-(J2-K2)))
A3: NORTHBAY-FAB | B3: 2026-10-06 | C3: 1 | D3: 1 | E3: 2 | F3: 21891 | G3: 0 | H3: 19878 | I3: 0 | J3: 19878 | K3: 0 | L3: =MIN(F3,J3) | M3: =MIN(K3,MAX(0,F3-(J3-K3)))
A4: NORTHBAY-FAB | B4: 2026-10-06 | C4: 1 | D4: 2 | E4: 2 | F4: 21891 | G4: 0 | H4: 19578 | I4: 0 | J4: 19578 | K4: 0 | L4: =MIN(F4,J4) | M4: =MIN(K4,MAX(0,F4-(J4-K4)))
A5: NORTHBAY-FAB | B5: 2026-10-06 | C5: 1 | D5: 3 | E5: 2 | F5: 21891 | G5: 0 | H5: 19445 | I5: 0 | J5: 19445 | K5: 0 | L5: =MIN(F5,J5) | M5: =MIN(K5,MAX(0,F5-(J5-K5)))
A6: NORTHBAY-FAB | B6: 2026-10-06 | C6: 1 | D6: 4 | E6: 2 | F6: 21891 | G6: 0 | H6: 19367 | I6: 0 | J6: 19367 | K6: 0 | L6: =MIN(F6,J6) | M6: =MIN(K6,MAX(0,F6-(J6-K6)))
A7: NORTHBAY-FAB | B7: 2026-10-06 | C7: 1 | D7: 5 | E7: 2 | F7: 21891 | G7: 48 | H7: 19359 | I7: 0 | J7: 19407 | K7: 0 | L7: =MIN(F7,J7) | M7: =MIN(K7,MAX(0,F7-(J7-K7)))
A8: NORTHBAY-FAB | B8: 2026-10-06 | C8: 1 | D8: 6 | E8: 2 | F8: 21891 | G8: 695 | H8: 19312 | I8: 0 | J8: 20007 | K8: 0 | L8: =MIN(F8,J8) | M8: =MIN(K8,MAX(0,F8-(J8-K8)))
A9: NORTHBAY-FAB | B9: 2026-10-06 | C9: 1 | D9: 7 | E9: 2 | F9: 21891 | G9: 5041 | H9: 19581 | I9: 0 | J9: 24622 | K9: 0 | L9: =MIN(F9,J9) | M9: =MIN(K9,MAX(0,F9-(J9-K9)))
A10: NORTHBAY-FAB | B10: 2026-10-06 | C10: 1 | D10: 8 | E10: 2 | F10: 21891 | G10: 12177 | H10: 19684 | I10: 0 | J10: 31861 | K10: 0 | L10: =MIN(F10,J10) | M10: =MIN(K10,MAX(0,F10-(J10-K10)))
A11: NORTHBAY-FAB | B11: 2026-10-06 | C11: 1 | D11: 9 | E11: 2 | F11: 21891 | G11: 18876 | H11: 19620 | I11: 0 | J11: 38496 | K11: 0 | L11: =MIN(F11,J11) | M11: =MIN(K11,MAX(0,F11-(J11-K11)))
A12: NORTHBAY-FAB | B12: 2026-10-06 | C12: 1 | D12: 10 | E12: 2 | F12: 21891 | G12: 21945 | H12: 19539 | I12: 0 | J12: 41484 | K12: 0 | L12: =MIN(F12,J12) | M12: =MIN(K12,MAX(0,F12-(J12-K12)))
A13: NORTHBAY-FAB | B13: 2026-10-06 | C13: 1 | D13: 11 | E13: 2 | F13: 21891 | G13: 21962 | H13: 19487 | I13: 0 | J13: 41449 | K13: 0 | L13: =MIN(F13,J13) | M13: =MIN(K13,MAX(0,F13-(J13-K13)))
... A505: CLOUDLINE-DC | B505: 2026-10-12 | C505: 7 | D505: 23 | E505: 1 | F505: 15428 | G505: 0 | H505: 1546 | I505: 0 | J505: 1546 | K505: 0 | L505: =MIN(F505,J505) | M505: =MIN(K505,MAX(0,F505-(J505-K505)))

Sheet claims_dev
A1: id | B1: text | C1: company | D1: day_from | E1: day_to | F1: hour_from | G1: hour_to | H1: weekdays_only | I1: claimed_pct | J1: basis | K1: re100 | L1: truth | M1: use_kwh | N1: matched_kwh | O1: certs_kwh | P1: old_matched_kwh | Q1: old_certs_kwh | R1: hourly_bps | S1: volume_bps | T1: share_bps | U1: verdict | V1: agrees_with_truth
A2: D01 | B2: Northbay Fab ran on 100% renewable electricity this week. | C2: NORTHBAY-FAB | D2: 1 | E2: 7 | F2: 0 | G2: 24 | H2: 0 | I2: 100 | J2: hourly | K2: 0 | L2: NOT_SUPPORTED | M2: =SUMPRODUCT((data_dev!$A$2:$A$505=$C2)*(data_dev!$C$2:$C$505>=$D2)*(data_dev!$C$2:$C$505<=$E2)*(data_dev!$D$2:$D$505>=$F2)*(data_dev!$D$2:$D$505<$G2)*((($H2=0)+(data_dev!$E$2:$E$505<=5))>0)*data_dev!$F$2:$F$505) | N2: =SUMPRODUCT((data_dev!$A$2:$A$505=$C2)*(data_dev!$C$2:$C$505>=$D2)*(data_dev!$C$2:$C$505<=$E2)*(data_dev!$D$2:$D$505>=$F2)*(data_dev!$D$2:$D$505<$G2)*((($H2=0)+(data_dev!$E$2:$E$505<=5))>0)*data_dev!$L$2:$L$505) | O2: =SUMPRODUCT((data_dev!$A$2:$A$505=$C2)*(data_dev!$C$2:$C$505>=$D2)*(data_dev!$C$2:$C$505<=$E2)*(data_dev!$D$2:$D$505>=$F2)*(data_dev!$D$2:$D$505<$G2)*((($H2=0)+(data_dev!$E$2:$E$505<=5))>0)*data_dev!$J$2:$J$505) | P2: =SUMPRODUCT((data_dev!$A$2:$A$505=$C2)*(data_dev!$C$2:$C$505>=$D2)*(data_dev!$C$2:$C$505<=$E2)*(data_dev!$D$2:$D$505>=$F2)*(data_dev!$D$2:$D$505<$G2)*((($H2=0)+(data_dev!$E$2:$E$505<=5))>0)*data_dev!$M$2:$M$505) | Q2: =SUMPRODUCT((data_dev!$A$2:$A$505=$C2)*(data_dev!$C$2:$C$505>=$D2)*(data_dev!$C$2:$C$505<=$E2)*(data_dev!$D$2:$D$505>=$F2)*(data_dev!$D$2:$D$505<$G2)*((($H2=0)+(data_dev!$E$2:$E$505<=5))>0)*data_dev!$K$2:$K$505) | R2: =INT(N2*10000/M2) | S2: =INT(O2*10000/M2) | T2: =IF(K2=1,IF(J2="volume",INT((O2-MAX(0,Q2-INT(M2*0.15)))*10000/M2),INT((N2-MAX(0,P2-INT(M2*0.15)))*10000/M2)),IF(J2="volume",S2,R2)) | U2: =IF(AND(ROUND(I2*100,0)<=IF(J2="volume",S2,R2)+50,ROUND(I2*100,0)<=T2+50),"SUPPORTED","NOT_SUPPORTED") | V2: =U2=L2
A3: D02 | B3: Renewable energy certificates purchased by Northbay Fab covered 100% of its electricity consumption this week. | C3: NORTHBAY-FAB | D3: 1 | E3: 7 | F3: 0 | G3: 24 | H3: 0 | I3: 100 | J3: volume | K3: 0 | L3: SUPPORTED | M3: =SUMPRODUCT((data_dev!$A$2:$A$505=$C3)*(data_dev!$C$2:$C$505>=$D3)*(data_dev!$C$2:$C$505<=$E3)*(data_dev!$D$2:$D$505>=$F3)*(data_dev!$D$2:$D$505<$G3)*((($H3=0)+(data_dev!$E$2:$E$505<=5))>0)*data_dev!$F$2:$F$505) | N3: =SUMPRODUCT((data_dev!$A$2:$A$505=$C3)*(data_dev!$C$2:$C$505>=$D3)*(data_dev!$C$2:$C$505<=$E3)*(data_dev!$D$2:$D$505>=$F3)*(data_dev!$D$2:$D$505<$G3)*((($H3=0)+(data_dev!$E$2:$E$505<=5))>0)*data_dev!$L$2:$L$505) | O3: =SUMPRODUCT((data_dev!$A$2:$A$505=$C3)*(data_dev!$C$2:$C$505>=$D3)*(data_dev!$C$2:$C$505<=$E3)*(data_dev!$D$2:$D$505>=$F3)*(data_dev!$D$2:$D$505<$G3)*((($H3=0)+(data_dev!$E$2:$E$505<=5))>0)*data_dev!$J$2:$J$505) | P3: =SUMPRODUCT((data_dev!$A$2:$A$505=$C3)*(data_dev!$C$2:$C$505>=$D3)*(data_dev!$C$2:$C$505<=$E3)*(data_dev!$D$2:$D$505>=$F3)*(data_dev!$D$2:$D$505<$G3)*((($H3=0)+(data_dev!$E$2:$E$505<=5))>0)*data_dev!$M$2:$M$505) | Q3: =SUMPRODUCT((data_dev!$A$2:$A$505=$C3)*(data_dev!$C$2:$C$505>=$D3)*(data_dev!$C$2:$C$505<=$E3)*(data_dev!$D$2:$D$505>=$F3)*(data_dev!$D$2:$D$505<$G3)*((($H3=0)+(data_dev!$E$2:$E$505<=5))>0)*data_dev!$K$2:$K$505) | R3: =INT(N3*10000/M3) | S3: =INT(O3*10000/M3) | T3: =IF(K3=1,IF(J3="volume",INT((O3-MAX(0,Q3-INT(M3*0.15)))*10000/M3),INT((N3-MAX(0,P3-INT(M3*0.15)))*10000/M3)),IF(J3="volume",S3,R3)) | U3: =IF(AND(ROUND(I3*100,0)<=IF(J3="volume",S3,R3)+50,ROUND(I3*100,0)<=T3+50),"SUPPORTED","NOT_SUPPORTED") | V3: =U3=L3
A4: D03 | B4: Northbay Fab matched 83% of its electricity with renewable energy hour by hour this week. | C4: NORTHBAY-FAB | D4: 1 | E4: 7 | F4: 0 | G4: 24 | H4: 0 | I4: 83 | J4: hourly | K4: 0 | L4: SUPPORTED | M4: =SUMPRODUCT((data_dev!$A$2:$A$505=$C4)*(data_dev!$C$2:$C$505>=$D4)*(data_dev!$C$2:$C$505<=$E4)*(data_dev!$D$2:$D$505>=$F4)*(data_dev!$D$2:$D$505<$G4)*((($H4=0)+(data_dev!$E$2:$E$505<=5))>0)*data_dev!$F$2:$F$505) | N4: =SUMPRODUCT((data_dev!$A$2:$A$505=$C4)*(data_dev!$C$2:$C$505>=$D4)*(data_dev!$C$2:$C$505<=$E4)*(data_dev!$D$2:$D$505>=$F4)*(data_dev!$D$2:$D$505<$G4)*((($H4=0)+(data_dev!$E$2:$E$505<=5))>0)*data_dev!$L$2:$L$505) | O4: =SUMPRODUCT((data_dev!$A$2:$A$505=$C4)*(data_dev!$C$2:$C$505>=$D4)*(data_dev!$C$2:$C$505<=$E4)*(data_dev!$D$2:$D$505>=$F4)*(data_dev!$D$2:$D$505<$G4)*((($H4=0)+(data_dev!$E$2:$E$505<=5))>0)*data_dev!$J$2:$J$505) | P4: =SUMPRODUCT((data_dev!$A$2:$A$505=$C4)*(data_dev!$C$2:$C$505>=$D4)*(data_dev!$C$2:$C$505<=$E4)*(data_dev!$D$2:$D$505>=$F4)*(data_dev!$D$2:$D$505<$G4)*((($H4=0)+(data_dev!$E$2:$E$505<=5))>0)*data_dev!$M$2:$M$505) | Q4: =SUMPRODUCT((data_dev!$A$2:$A$505=$C4)*(data_dev!$C$2:$C$505>=$D4)*(data_dev!$C$2:$C$505<=$E4)*(data_dev!$D$2:$D$505>=$F4)*(data_dev!$D$2:$D$505<$G4)*((($H4=0)+(data_dev!$E$2:$E$505<=5))>0)*data_dev!$K$2:$K$505) | R4: =INT(N4*10000/M4) | S4: =INT(O4*10000/M4) | T4: =IF(K4=1,IF(J4="volume",INT((O4-MAX(0,Q4-INT(M4*0.15)))*10000/M4),INT((N4-MAX(0,P4-INT(M4*0.15)))*10000/M4)),IF(J4="volume",S4,R4)) | U4: =IF(AND(ROUND(I4*100,0)<=IF(J4="volume",S4,R4)+50,ROUND(I4*100,0)<=T4+50),"SUPPORTED","NOT_SUPPORTED") | V4: =U4=L4
A5: D04 | B5: Northbay Fab matched 95% of its electricity with renewable energy hour by hour this week. | C5: NORTHBAY-FAB | D5: 1 | E5: 7 | F5: 0 | G5: 24 | H5: 0 | I5: 95 | J5: hourly | K5: 0 | L5: NOT_SUPPORTED | M5: =SUMPRODUCT((data_dev!$A$2:$A$505=$C5)*(data_dev!$C$2:$C$505>=$D5)*(data_dev!$C$2:$C$505<=$E5)*(data_dev!$D$2:$D$505>=$F5)*(data_dev!$D$2:$D$505<$G5)*((($H5=0)+(data_dev!$E$2:$E$505<=5))>0)*data_dev!$F$2:$F$505) | N5: =SUMPRODUCT((data_dev!$A$2:$A$505=$C5)*(data_dev!$C$2:$C$505>=$D5)*(data_dev!$C$2:$C$505<=$E5)*(data_dev!$D$2:$D$505>=$F5)*(data_dev!$D$2:$D$505<$G5)*((($H5=0)+(data_dev!$E$2:$E$505<=5))>0)*data_dev!$L$2:$L$505) | O5: =SUMPRODUCT((data_dev!$A$2:$A$505=$C5)*(data_dev!$C$2:$C$505>=$D5)*(data_dev!$C$2:$C$505<=$E5)*(data_dev!$D$2:$D$505>=$F5)*(data_dev!$D$2:$D$505<$G5)*((($H5=0)+(data_dev!$E$2:$E$505<=5))>0)*data_dev!$J$2:$J$505) | P5: =SUMPRODUCT((data_dev!$A$2:$A$505=$C5)*(data_dev!$C$2:$C$505>=$D5)*(data_dev!$C$2:$C$505<=$E5)*(data_dev!$D$2:$D$505>=$F5)*(data_dev!$D$2:$D$505<$G5)*((($H5=0)+(data_dev!$E$2:$E$505<=5))>0)*data_dev!$M$2:$M$505) | Q5: =SUMPRODUCT((data_dev!$A$2:$A$505=$C5)*(data_dev!$C$2:$C$505>=$D5)*(data_dev!$C$2:$C$505<=$E5)*(data_dev!$D$2:$D$505>=$F5)*(data_dev!$D$2:$D$505<$G5)*((($H5=0)+(data_dev!$E$2:$E$505<=5))>0)*data_dev!$K$2:$K$505) | R5: =INT(N5*10000/M5) | S5: =INT(O5*10000/M5) | T5: =IF(K5=1,IF(J5="volume",INT((O5-MAX(0,Q5-INT(M5*0.15)))*10000/M5),INT((N5-MAX(0,P5-INT(M5*0.15)))*10000/M5)),IF(J5="volume",S5,R5)) | U5: =IF(AND(ROUND(I5*100,0)<=IF(J5="volume",S5,R5)+50,ROUND(I5*100,0)<=T5+50),"SUPPORTED","NOT_SUPPORTED") | V5: =U5=L5
A6: D05 | B6: Northbay Fab was fully powered by renewables around the clock on 2026-10-08. | C6: NORTHBAY-FAB | D6: 3 | E6: 3 | F6: 0 | G6: 24 | H6: 0 | I6: 100 | J6: hourly | K6: 0 | L6: NOT_SUPPORTED | M6: =SUMPRODUCT((data_dev!$A$2:$A$505=$C6)*(data_dev!$C$2:$C$505>=$D6)*(data_dev!$C$2:$C$505<=$E6)*(data_dev!$D$2:$D$505>=$F6)*(data_dev!$D$2:$D$505<$G6)*((($H6=0)+(data_dev!$E$2:$E$505<=5))>0)*data_dev!$F$2:$F$505) | N6: =SUMPRODUCT((data_dev!$A$2:$A$505=$C6)*(data_dev!$C$2:$C$505>=$D6)*(data_dev!$C$2:$C$505<=$E6)*(data_dev!$D$2:$D$505>=$F6)*(data_dev!$D$2:$D$505<$G6)*((($H6=0)+(data_dev!$E$2:$E$505<=5))>0)*data_dev!$L$2:$L$505) | O6: =SUMPRODUCT((data_dev!$A$2:$A$505=$C6)*(data_dev!$C$2:$C$505>=$D6)*(data_dev!$C$2:$C$505<=$E6)*(data_dev!$D$2:$D$505>=$F6)*(data_dev!$D$2:$D$505<$G6)*((($H6=0)+(data_dev!$E$2:$E$505<=5))>0)*data_dev!$J$2:$J$505) | P6: =SUMPRODUCT((data_dev!$A$2:$A$505=$C6)*(data_dev!$C$2:$C$505>=$D6)*(data_dev!$C$2:$C$505<=$E6)*(data_dev!$D$2:$D$505>=$F6)*(data_dev!$D$2:$D$505<$G6)*((($H6=0)+(data_dev!$E$2:$E$505<=5))>0)*data_dev!$M$2:$M$505) | Q6: =SUMPRODUCT((data_dev!$A$2:$A$505=$C6)*(data_dev!$C$2:$C$505>=$D6)*(data_dev!$C$2:$C$505<=$E6)*(data_dev!$D$2:$D$505>=$F6)*(data_dev!$D$2:$D$505<$G6)*((($H6=0)+(data_dev!$E$2:$E$505<=5))>0)*data_dev!$K$2:$K$505) | R6: =INT(N6*10000/M6) | S6: =INT(O6*10000/M6) | T6: =IF(K6=1,IF(J6="volume",INT((O6-MAX(0,Q6-INT(M6*0.15)))*10000/M6),INT((N6-MAX(0,P6-INT(M6*0.15)))*10000/M6)),IF(J6="volume",S6,R6)) | U6: =IF(AND(ROUND(I6*100,0)<=IF(J6="volume",S6,R6)+50,ROUND(I6*100,0)<=T6+50),"SUPPORTED","NOT_SUPPORTED") | V6: =U6=L6
A7: D06 | B7: Between 10:00 and 14:00 on 2026-10-07, every kWh used by Northbay Fab was renewable. | C7: NORTHBAY-FAB | D7: 2 | E7: 2 | F7: 10 | G7: 14 | H7: 0 | I7: 100 | J7: hourly | K7: 0 | L7: SUPPORTED | M7: =SUMPRODUCT((data_dev!$A$2:$A$505=$C7)*(data_dev!$C$2:$C$505>=$D7)*(data_dev!$C$2:$C$505<=$E7)*(data_dev!$D$2:$D$505>=$F7)*(data_dev!$D$2:$D$505<$G7)*((($H7=0)+(data_dev!$E$2:$E$505<=5))>0)*data_dev!$F$2:$F$505) | N7: =SUMPRODUCT((data_dev!$A$2:$A$505=$C7)*(data_dev!$C$2:$C$505>=$D7)*(data_dev!$C$2:$C$505<=$E7)*(data_dev!$D$2:$D$505>=$F7)*(data_dev!$D$2:$D$505<$G7)*((($H7=0)+(data_dev!$E$2:$E$505<=5))>0)*data_dev!$L$2:$L$505) | O7: =SUMPRODUCT((data_dev!$A$2:$A$505=$C7)*(data_dev!$C$2:$C$505>=$D7)*(data_dev!$C$2:$C$505<=$E7)*(data_dev!$D$2:$D$505>=$F7)*(data_dev!$D$2:$D$505<$G7)*((($H7=0)+(data_dev!$E$2:$E$505<=5))>0)*data_dev!$J$2:$J$505) | P7: =SUMPRODUCT((data_dev!$A$2:$A$505=$C7)*(data_dev!$C$2:$C$505>=$D7)*(data_dev!$C$2:$C$505<=$E7)*(data_dev!$D$2:$D$505>=$F7)*(data_dev!$D$2:$D$505<$G7)*((($H7=0)+(data_dev!$E$2:$E$505<=5))>0)*data_dev!$M$2:$M$505) | Q7: =SUMPRODUCT((data_dev!$A$2:$A$505=$C7)*(data_dev!$C$2:$C$505>=$D7)*(data_dev!$C$2:$C$505<=$E7)*(data_dev!$D$2:$D$505>=$F7)*(data_dev!$D$2:$D$505<$G7)*((($H7=0)+(data_dev!$E$2:$E$505<=5))>0)*data_dev!$K$2:$K$505) | R7: =INT(N7*10000/M7) | S7: =INT(O7*10000/M7) | T7: =IF(K7=1,IF(J7="volume",INT((O7-MAX(0,Q7-INT(M7*0.15)))*10000/M7),INT((N7-MAX(0,P7-INT(M7*0.15)))*10000/M7)),IF(J7="volume",S7,R7)) | U7: =IF(AND(ROUND(I7*100,0)<=IF(J7="volume",S7,R7)+50,ROUND(I7*100,0)<=T7+50),"SUPPORTED","NOT_SUPPORTED") | V7: =U7=L7
A8: D07 | B8: Northbay Fab's night shift (00:00 to 06:00) on 2026-10-09 ran on 100% solar and wind power. | C8: NORTHBAY-FAB | D8: 4 | E8: 4 | F8: 0 | G8: 6 | H8: 0 | I8: 100 | J8: hourly | K8: 0 | L8: NOT_SUPPORTED | M8: =SUMPRODUCT((data_dev!$A$2:$A$505=$C8)*(data_dev!$C$2:$C$505>=$D8)*(data_dev!$C$2:$C$505<=$E8)*(data_dev!$D$2:$D$505>=$F8)*(data_dev!$D$2:$D$505<$G8)*((($H8=0)+(data_dev!$E$2:$E$505<=5))>0)*data_dev!$F$2:$F$505) | N8: =SUMPRODUCT((data_dev!$A$2:$A$505=$C8)*(data_dev!$C$2:$C$505>=$D8)*(data_dev!$C$2:$C$505<=$E8)*(data_dev!$D$2:$D$505>=$F8)*(data_dev!$D$2:$D$505<$G8)*((($H8=0)+(data_dev!$E$2:$E$505<=5))>0)*data_dev!$L$2:$L$505) | O8: =SUMPRODUCT((data_dev!$A$2:$A$505=$C8)*(data_dev!$C$2:$C$505>=$D8)*(data_dev!$C$2:$C$505<=$E8)*(data_dev!$D$2:$D$505>=$F8)*(data_dev!$D$2:$D$505<$G8)*((($H8=0)+(data_dev!$E$2:$E$505<=5))>0)*data_dev!$J$2:$J$505) | P8: =SUMPRODUCT((data_dev!$A$2:$A$505=$C8)*(data_dev!$C$2:$C$505>=$D8)*(data_dev!$C$2:$C$505<=$E8)*(data_dev!$D$2:$D$505>=$F8)*(data_dev!$D$2:$D$505<$G8)*((($H8=0)+(data_dev!$E$2:$E$505<=5))>0)*data_dev!$M$2:$M$505) | Q8: =SUMPRODUCT((data_dev!$A$2:$A$505=$C8)*(data_dev!$C$2:$C$505>=$D8)*(data_dev!$C$2:$C$505<=$E8)*(data_dev!$D$2:$D$505>=$F8)*(data_dev!$D$2:$D$505<$G8)*((($H8=0)+(data_dev!$E$2:$E$505<=5))>0)*data_dev!$K$2:$K$505) | R8: =INT(N8*10000/M8) | S8: =INT(O8*10000/M8) | T8: =IF(K8=1,IF(J8="volume",INT((O8-MAX(0,Q8-INT(M8*0.15)))*10000/M8),INT((N8-MAX(0,P8-INT(M8*0.15)))*10000/M8)),IF(J8="volume",S8,R8)) | U8: =IF(AND(ROUND(I8*100,0)<=IF(J8="volume",S8,R8)+50,ROUND(I8*100,0)<=T8+50),"SUPPORTED","NOT_SUPPORTED") | V8: =U8=L8
A9: D08 | B9: Harbor Office used 100% renewable electricity during business hours on weekdays this week. | C9: HARBOR-OFFICE | D9: 1 | E9: 7 | F9: 8 | G9: 19 | H9: 1 | I9: 100 | J9: hourly | K9: 0 | L9: NOT_SUPPORTED | M9: =SUMPRODUCT((data_dev!$A$2:$A$505=$C9)*(data_dev!$C$2:$C$505>=$D9)*(data_dev!$C$2:$C$505<=$E9)*(data_dev!$D$2:$D$505>=$F9)*(data_dev!$D$2:$D$505<$G9)*((($H9=0)+(data_dev!$E$2:$E$505<=5))>0)*data_dev!$F$2:$F$505) | N9: =SUMPRODUCT((data_dev!$A$2:$A$505=$C9)*(data_dev!$C$2:$C$505>=$D9)*(data_dev!$C$2:$C$505<=$E9)*(data_dev!$D$2:$D$505>=$F9)*(data_dev!$D$2:$D$505<$G9)*((($H9=0)+(data_dev!$E$2:$E$505<=5))>0)*data_dev!$L$2:$L$505) | O9: =SUMPRODUCT((data_dev!$A$2:$A$505=$C9)*(data_dev!$C$2:$C$505>=$D9)*(data_dev!$C$2:$C$505<=$E9)*(data_dev!$D$2:$D$505>=$F9)*(data_dev!$D$2:$D$505<$G9)*((($H9=0)+(data_dev!$E$2:$E$505<=5))>0)*data_dev!$J$2:$J$505) | P9: =SUMPRODUCT((data_dev!$A$2:$A$505=$C9)*(data_dev!$C$2:$C$505>=$D9)*(data_dev!$C$2:$C$505<=$E9)*(data_dev!$D$2:$D$505>=$F9)*(data_dev!$D$2:$D$505<$G9)*((($H9=0)+(data_dev!$E$2:$E$505<=5))>0)*data_dev!$M$2:$M$505) | Q9: =SUMPRODUCT((data_dev!$A$2:$A$505=$C9)*(data_dev!$C$2:$C$505>=$D9)*(data_dev!$C$2:$C$505<=$E9)*(data_dev!$D$2:$D$505>=$F9)*(data_dev!$D$2:$D$505<$G9)*((($H9=0)+(data_dev!$E$2:$E$505<=5))>0)*data_dev!$K$2:$K$505) | R9: =INT(N9*10000/M9) | S9: =INT(O9*10000/M9) | T9: =IF(K9=1,IF(J9="volume",INT((O9-MAX(0,Q9-INT(M9*0.15)))*10000/M9),INT((N9-MAX(0,P9-INT(M9*0.15)))*10000/M9)),IF(J9="volume",S9,R9)) | U9: =IF(AND(ROUND(I9*100,0)<=IF(J9="volume",S9,R9)+50,ROUND(I9*100,0)<=T9+50),"SUPPORTED","NOT_SUPPORTED") | V9: =U9=L9
A10: D09 | B10: Harbor Office is 100% renewable, every hour of every day, this week. | C10: HARBOR-OFFICE | D10: 1 | E10: 7 | F10: 0 | G10: 24 | H10: 0 | I10: 100 | J10: hourly | K10: 0 | L10: NOT_SUPPORTED | M10: =SUMPRODUCT((data_dev!$A$2:$A$505=$C10)*(data_dev!$C$2:$C$505>=$D10)*(data_dev!$C$2:$C$505<=$E10)*(data_dev!$D$2:$D$505>=$F10)*(data_dev!$D$2:$D$505<$G10)*((($H10=0)+(data_dev!$E$2:$E$505<=5))>0)*data_dev!$F$2:$F$505) | N10: =SUMPRODUCT((data_dev!$A$2:$A$505=$C10)*(data_dev!$C$2:$C$505>=$D10)*(data_dev!$C$2:$C$505<=$E10)*(data_dev!$D$2:$D$505>=$F10)*(data_dev!$D$2:$D$505<$G10)*((($H10=0)+(data_dev!$E$2:$E$505<=5))>0)*data_dev!$L$2:$L$505) | O10: =SUMPRODUCT((data_dev!$A$2:$A$505=$C10)*(data_dev!$C$2:$C$505>=$D10)*(data_dev!$C$2:$C$505<=$E10)*(data_dev!$D$2:$D$505>=$F10)*(data_dev!$D$2:$D$505<$G10)*((($H10=0)+(data_dev!$E$2:$E$505<=5))>0)*data_dev!$J$2:$J$505) | P10: =SUMPRODUCT((data_dev!$A$2:$A$505=$C10)*(data_dev!$C$2:$C$505>=$D10)*(data_dev!$C$2:$C$505<=$E10)*(data_dev!$D$2:$D$505>=$F10)*(data_dev!$D$2:$D$505<$G10)*((($H10=0)+(data_dev!$E$2:$E$505<=5))>0)*data_dev!$M$2:$M$505) | Q10: =SUMPRODUCT((data_dev!$A$2:$A$505=$C10)*(data_dev!$C$2:$C$505>=$D10)*(data_dev!$C$2:$C$505<=$E10)*(data_dev!$D$2:$D$505>=$F10)*(data_dev!$D$2:$D$505<$G10)*((($H10=0)+(data_dev!$E$2:$E$505<=5))>0)*data_dev!$K$2:$K$505) | R10: =INT(N10*10000/M10) | S10: =INT(O10*10000/M10) | T10: =IF(K10=1,IF(J10="volume",INT((O10-MAX(0,Q10-INT(M10*0.15)))*10000/M10),INT((N10-MAX(0,P10-INT(M10*0.15)))*10000/M10)),IF(J10="volume",S10,R10)) | U10: =IF(AND(ROUND(I10*100,0)<=IF(J10="volume",S10,R10)+50,ROUND(I10*100,0)<=T10+50),"SUPPORTED","NOT_SUPPORTED") | V10: =U10=L10
A11: D10 | B11: All of Harbor Office's electricity this week was RE100-eligible renewable electricity, matched hour by hour. | C11: HARBOR-OFFICE | D11: 1 | E11: 7 | F11: 0 | G11: 24 | H11: 0 | I11: 100 | J11: hourly | K11: 1 | L11: NOT_SUPPORTED | M11: =SUMPRODUCT((data_dev!$A$2:$A$505=$C11)*(data_dev!$C$2:$C$505>=$D11)*(data_dev!$C$2:$C$505<=$E11)*(data_dev!$D$2:$D$505>=$F11)*(data_dev!$D$2:$D$505<$G11)*((($H11=0)+(data_dev!$E$2:$E$505<=5))>0)*data_dev!$F$2:$F$505) | N11: =SUMPRODUCT((data_dev!$A$2:$A$505=$C11)*(data_dev!$C$2:$C$505>=$D11)*(data_dev!$C$2:$C$505<=$E11)*(data_dev!$D$2:$D$505>=$F11)*(data_dev!$D$2:$D$505<$G11)*((($H11=0)+(data_dev!$E$2:$E$505<=5))>0)*data_dev!$L$2:$L$505) | O11: =SUMPRODUCT((data_dev!$A$2:$A$505=$C11)*(data_dev!$C$2:$C$505>=$D11)*(data_dev!$C$2:$C$505<=$E11)*(data_dev!$D$2:$D$505>=$F11)*(data_dev!$D$2:$D$505<$G11)*((($H11=0)+(data_dev!$E$2:$E$505<=5))>0)*data_dev!$J$2:$J$505) | P11: =SUMPRODUCT((data_dev!$A$2:$A$505=$C11)*(data_dev!$C$2:$C$505>=$D11)*(data_dev!$C$2:$C$505<=$E11)*(data_dev!$D$2:$D$505>=$F11)*(data_dev!$D$2:$D$505<$G11)*((($H11=0)+(data_dev!$E$2:$E$505<=5))>0)*data_dev!$M$2:$M$505) | Q11: =SUMPRODUCT((data_dev!$A$2:$A$505=$C11)*(data_dev!$C$2:$C$505>=$D11)*(data_dev!$C$2:$C$505<=$E11)*(data_dev!$D$2:$D$505>=$F11)*(data_dev!$D$2:$D$505<$G11)*((($H11=0)+(data_dev!$E$2:$E$505<=5))>0)*data_dev!$K$2:$K$505) | R11: =INT(N11*10000/M11) | S11: =INT(O11*10000/M11) | T11: =IF(K11=1,IF(J11="volume",INT((O11-MAX(0,Q11-INT(M11*0.15)))*10000/M11),INT((N11-MAX(0,P11-INT(M11*0.15)))*10000/M11)),IF(J11="volume",S11,R11)) | U11: =IF(AND(ROUND(I11*100,0)<=IF(J11="volume",S11,R11)+50,ROUND(I11*100,0)<=T11+50),"SUPPORTED","NOT_SUPPORTED") | V11: =U11=L11
A12: D11 | B12: Renewable certificates bought by Harbor Office equal 100% of its electricity consumption this week. | C12: HARBOR-OFFICE | D12: 1 | E12: 7 | F12: 0 | G12: 24 | H12: 0 | I12: 100 | J12: volume | K12: 0 | L12: SUPPORTED | M12: =SUMPRODUCT((data_dev!$A$2:$A$505=$C12)*(data_dev!$C$2:$C$505>=$D12)*(data_dev!$C$2:$C$505<=$E12)*(data_dev!$D$2:$D$505>=$F12)*(data_dev!$D$2:$D$505<$G12)*((($H12=0)+(data_dev!$E$2:$E$505<=5))>0)*data_dev!$F$2:$F$505) | N12: =SUMPRODUCT((data_dev!$A$2:$A$505=$C12)*(data_dev!$C$2:$C$505>=$D12)*(data_dev!$C$2:$C$505<=$E12)*(data_dev!$D$2:$D$505>=$F12)*(data_dev!$D$2:$D$505<$G12)*((($H12=0)+(data_dev!$E$2:$E$505<=5))>0)*data_dev!$L$2:$L$505) | O12: =SUMPRODUCT((data_dev!$A$2:$A$505=$C12)*(data_dev!$C$2:$C$505>=$D12)*(data_dev!$C$2:$C$505<=$E12)*(data_dev!$D$2:$D$505>=$F12)*(data_dev!$D$2:$D$505<$G12)*((($H12=0)+(data_dev!$E$2:$E$505<=5))>0)*data_dev!$J$2:$J$505) | P12: =SUMPRODUCT((data_dev!$A$2:$A$505=$C12)*(data_dev!$C$2:$C$505>=$D12)*(data_dev!$C$2:$C$505<=$E12)*(data_dev!$D$2:$D$505>=$F12)*(data_dev!$D$2:$D$505<$G12)*((($H12=0)+(data_dev!$E$2:$E$505<=5))>0)*data_dev!$M$2:$M$505) | Q12: =SUMPRODUCT((data_dev!$A$2:$A$505=$C12)*(data_dev!$C$2:$C$505>=$D12)*(data_dev!$C$2:$C$505<=$E12)*(data_dev!$D$2:$D$505>=$F12)*(data_dev!$D$2:$D$505<$G12)*((($H12=0)+(data_dev!$E$2:$E$505<=5))>0)*data_dev!$K$2:$K$505) | R12: =INT(N12*10000/M12) | S12: =INT(O12*10000/M12) | T12: =IF(K12=1,IF(J12="volume",INT((O12-MAX(0,Q12-INT(M12*0.15)))*10000/M12),INT((N12-MAX(0,P12-INT(M12*0.15)))*10000/M12)),IF(J12="volume",S12,R12)) | U12: =IF(AND(ROUND(I12*100,0)<=IF(J12="volume",S12,R12)+50,ROUND(I12*100,0)<=T12+50),"SUPPORTED","NOT_SUPPORTED") | V12: =U12=L12
A13: D12 | B13: Cloudline Data Center ran on 100% wind power on 2026-10-08. | C13: CLOUDLINE-DC | D13: 3 | E13: 3 | F13: 0 | G13: 24 | H13: 0 | I13: 100 | J13: hourly | K13: 0 | L13: NOT_SUPPORTED | M13: =SUMPRODUCT((data_dev!$A$2:$A$505=$C13)*(data_dev!$C$2:$C$505>=$D13)*(data_dev!$C$2:$C$505<=$E13)*(data_dev!$D$2:$D$505>=$F13)*(data_dev!$D$2:$D$505<$G13)*((($H13=0)+(data_dev!$E$2:$E$505<=5))>0)*data_dev!$F$2:$F$505) | N13: =SUMPRODUCT((data_dev!$A$2:$A$505=$C13)*(data_dev!$C$2:$C$505>=$D13)*(data_dev!$C$2:$C$505<=$E13)*(data_dev!$D$2:$D$505>=$F13)*(data_dev!$D$2:$D$505<$G13)*((($H13=0)+(data_dev!$E$2:$E$505<=5))>0)*data_dev!$L$2:$L$505) | O13: =SUMPRODUCT((data_dev!$A$2:$A$505=$C13)*(data_dev!$C$2:$C$505>=$D13)*(data_dev!$C$2:$C$505<=$E13)*(data_dev!$D$2:$D$505>=$F13)*(data_dev!$D$2:$D$505<$G13)*((($H13=0)+(data_dev!$E$2:$E$505<=5))>0)*data_dev!$J$2:$J$505) | P13: =SUMPRODUCT((data_dev!$A$2:$A$505=$C13)*(data_dev!$C$2:$C$505>=$D13)*(data_dev!$C$2:$C$505<=$E13)*(data_dev!$D$2:$D$505>=$F13)*(data_dev!$D$2:$D$505<$G13)*((($H13=0)+(data_dev!$E$2:$E$505<=5))>0)*data_dev!$M$2:$M$505) | Q13: =SUMPRODUCT((data_dev!$A$2:$A$505=$C13)*(data_dev!$C$2:$C$505>=$D13)*(data_dev!$C$2:$C$505<=$E13)*(data_dev!$D$2:$D$505>=$F13)*(data_dev!$D$2:$D$505<$G13)*((($H13=0)+(data_dev!$E$2:$E$505<=5))>0)*data_dev!$K$2:$K$505) | R13: =INT(N13*10000/M13) | S13: =INT(O13*10000/M13) | T13: =IF(K13=1,IF(J13="volume",INT((O13-MAX(0,Q13-INT(M13*0.15)))*10000/M13),INT((N13-MAX(0,P13-INT(M13*0.15)))*10000/M13)),IF(J13="volume",S13,R13)) | U13: =IF(AND(ROUND(I13*100,0)<=IF(J13="volume",S13,R13)+50,ROUND(I13*100,0)<=T13+50),"SUPPORTED","NOT_SUPPORTED") | V13: =U13=L13
... A19: D18 | B19: Northbay Fab is RE100-compliant this week, with 83% of its electricity matched every hour by renewable certificates. | C19: NORTHBAY-FAB | D19: 1 | E19: 7 | F19: 0 | G19: 24 | H19: 0 | I19: 83 | J19: hourly | K19: 1 | L19: SUPPORTED | M19: =SUMPRODUCT((data_dev!$A$2:$A$505=$C19)*(data_dev!$C$2:$C$505>=$D19)*(data_dev!$C$2:$C$505<=$E19)*(data_dev!$D$2:$D$505>=$F19)*(data_dev!$D$2:$D$505<$G19)*((($H19=0)+(data_dev!$E$2:$E$505<=5))>0)*data_dev!$F$2:$F$505) | N19: =SUMPRODUCT((data_dev!$A$2:$A$505=$C19)*(data_dev!$C$2:$C$505>=$D19)*(data_dev!$C$2:$C$505<=$E19)*(data_dev!$D$2:$D$505>=$F19)*(data_dev!$D$2:$D$505<$G19)*((($H19=0)+(data_dev!$E$2:$E$505<=5))>0)*data_dev!$L$2:$L$505) | O19: =SUMPRODUCT((data_dev!$A$2:$A$505=$C19)*(data_dev!$C$2:$C$505>=$D19)*(data_dev!$C$2:$C$505<=$E19)*(data_dev!$D$2:$D$505>=$F19)*(data_dev!$D$2:$D$505<$G19)*((($H19=0)+(data_dev!$E$2:$E$505<=5))>0)*data_dev!$J$2:$J$505) | P19: =SUMPRODUCT((data_dev!$A$2:$A$505=$C19)*(data_dev!$C$2:$C$505>=$D19)*(data_dev!$C$2:$C$505<=$E19)*(data_dev!$D$2:$D$505>=$F19)*(data_dev!$D$2:$D$505<$G19)*((($H19=0)+(data_dev!$E$2:$E$505<=5))>0)*data_dev!$M$2:$M$505) | Q19: =SUMPRODUCT((data_dev!$A$2:$A$505=$C19)*(data_dev!$C$2:$C$505>=$D19)*(data_dev!$C$2:$C$505<=$E19)*(data_dev!$D$2:$D$505>=$F19)*(data_dev!$D$2:$D$505<$G19)*((($H19=0)+(data_dev!$E$2:$E$505<=5))>0)*data_dev!$K$2:$K$505) | R19: =INT(N19*10000/M19) | S19: =INT(O19*10000/M19) | T19: =IF(K19=1,IF(J19="volume",INT((O19-MAX(0,Q19-INT(M19*0.15)))*10000/M19),INT((N19-MAX(0,P19-INT(M19*0.15)))*10000/M19)),IF(J19="volume",S19,R19)) | U19: =IF(AND(ROUND(I19*100,0)<=IF(J19="volume",S19,R19)+50,ROUND(I19*100,0)<=T19+50),"SUPPORTED","NOT_SUPPORTED") | V19: =U19=L19
A21: correct | B21: =COUNTIF(V2:V19,TRUE) | C21: of | D21: 18

Sheet data_holdout
A1: company | B1: date | C1: day | D1: hour | E1: dow | F1: use | G1: solar | H1: wind | I1: hydro | J1: certs | K1: old_certs | L1: matched | M1: old_matched
A2: NORTHBAY-FAB | B2: 2026-09-22 | C2: 1 | D2: 0 | E2: 2 | F2: 12960 | G2: 0 | H2: 15794 | I2: 0 | J2: 15794 | K2: 0 | L2: =MIN(F2,J2) | M2: =MIN(K2,MAX(0,F2-(J2-K2)))
A3: NORTHBAY-FAB | B3: 2026-09-22 | C3: 1 | D3: 1 | E3: 2 | F3: 12960 | G3: 0 | H3: 15290 | I3: 0 | J3: 15290 | K3: 0 | L3: =MIN(F3,J3) | M3: =MIN(K3,MAX(0,F3-(J3-K3)))
A4: NORTHBAY-FAB | B4: 2026-09-22 | C4: 1 | D4: 2 | E4: 2 | F4: 12960 | G4: 0 | H4: 14587 | I4: 0 | J4: 14587 | K4: 0 | L4: =MIN(F4,J4) | M4: =MIN(K4,MAX(0,F4-(J4-K4)))
A5: NORTHBAY-FAB | B5: 2026-09-22 | C5: 1 | D5: 3 | E5: 2 | F5: 12960 | G5: 0 | H5: 13994 | I5: 0 | J5: 13994 | K5: 0 | L5: =MIN(F5,J5) | M5: =MIN(K5,MAX(0,F5-(J5-K5)))
A6: NORTHBAY-FAB | B6: 2026-09-22 | C6: 1 | D6: 4 | E6: 2 | F6: 12960 | G6: 0 | H6: 13862 | I6: 0 | J6: 13862 | K6: 0 | L6: =MIN(F6,J6) | M6: =MIN(K6,MAX(0,F6-(J6-K6)))
A7: NORTHBAY-FAB | B7: 2026-09-22 | C7: 1 | D7: 5 | E7: 2 | F7: 12960 | G7: 23 | H7: 15088 | I7: 0 | J7: 15111 | K7: 0 | L7: =MIN(F7,J7) | M7: =MIN(K7,MAX(0,F7-(J7-K7)))
A8: NORTHBAY-FAB | B8: 2026-09-22 | C8: 1 | D8: 6 | E8: 2 | F8: 12960 | G8: 878 | H8: 16342 | I8: 0 | J8: 17220 | K8: 0 | L8: =MIN(F8,J8) | M8: =MIN(K8,MAX(0,F8-(J8-K8)))
A9: NORTHBAY-FAB | B9: 2026-09-22 | C9: 1 | D9: 7 | E9: 2 | F9: 12960 | G9: 5902 | H9: 17140 | I9: 0 | J9: 23042 | K9: 0 | L9: =MIN(F9,J9) | M9: =MIN(K9,MAX(0,F9-(J9-K9)))
A10: NORTHBAY-FAB | B10: 2026-09-22 | C10: 1 | D10: 8 | E10: 2 | F10: 12960 | G10: 11949 | H10: 16908 | I10: 0 | J10: 28857 | K10: 0 | L10: =MIN(F10,J10) | M10: =MIN(K10,MAX(0,F10-(J10-K10)))
A11: NORTHBAY-FAB | B11: 2026-09-22 | C11: 1 | D11: 9 | E11: 2 | F11: 12960 | G11: 17063 | H11: 16422 | I11: 0 | J11: 33485 | K11: 0 | L11: =MIN(F11,J11) | M11: =MIN(K11,MAX(0,F11-(J11-K11)))
A12: NORTHBAY-FAB | B12: 2026-09-22 | C12: 1 | D12: 10 | E12: 2 | F12: 12960 | G12: 20023 | H12: 13787 | I12: 0 | J12: 33810 | K12: 0 | L12: =MIN(F12,J12) | M12: =MIN(K12,MAX(0,F12-(J12-K12)))
A13: NORTHBAY-FAB | B13: 2026-09-22 | C13: 1 | D13: 11 | E13: 2 | F13: 12960 | G13: 21862 | H13: 11938 | I13: 0 | J13: 33800 | K13: 0 | L13: =MIN(F13,J13) | M13: =MIN(K13,MAX(0,F13-(J13-K13)))
... A505: CLOUDLINE-DC | B505: 2026-09-28 | C505: 7 | D505: 23 | E505: 1 | F505: 6174 | G505: 0 | H505: 2471 | I505: 0 | J505: 2471 | K505: 0 | L505: =MIN(F505,J505) | M505: =MIN(K505,MAX(0,F505-(J505-K505)))

Sheet claims_holdout
A1: id | B1: text | C1: company | D1: day_from | E1: day_to | F1: hour_from | G1: hour_to | H1: weekdays_only | I1: claimed_pct | J1: basis | K1: re100 | L1: truth | M1: use_kwh | N1: matched_kwh | O1: certs_kwh | P1: old_matched_kwh | Q1: old_certs_kwh | R1: hourly_bps | S1: volume_bps | T1: share_bps | U1: verdict | V1: agrees_with_truth
A2: H01 | B2: Northbay Fab: 100% green electricity for the whole week. | C2: NORTHBAY-FAB | D2: 1 | E2: 7 | F2: 0 | G2: 24 | H2: 0 | I2: 100 | J2: hourly | K2: 0 | L2: NOT_SUPPORTED | M2: =SUMPRODUCT((data_holdout!$A$2:$A$505=$C2)*(data_holdout!$C$2:$C$505>=$D2)*(data_holdout!$C$2:$C$505<=$E2)*(data_holdout!$D$2:$D$505>=$F2)*(data_holdout!$D$2:$D$505<$G2)*((($H2=0)+(data_holdout!$E$2:$E$505<=5))>0)*data_holdout!$F$2:$F$505) | N2: =SUMPRODUCT((data_holdout!$A$2:$A$505=$C2)*(data_holdout!$C$2:$C$505>=$D2)*(data_holdout!$C$2:$C$505<=$E2)*(data_holdout!$D$2:$D$505>=$F2)*(data_holdout!$D$2:$D$505<$G2)*((($H2=0)+(data_holdout!$E$2:$E$505<=5))>0)*data_holdout!$L$2:$L$505) | O2: =SUMPRODUCT((data_holdout!$A$2:$A$505=$C2)*(data_holdout!$C$2:$C$505>=$D2)*(data_holdout!$C$2:$C$505<=$E2)*(data_holdout!$D$2:$D$505>=$F2)*(data_holdout!$D$2:$D$505<$G2)*((($H2=0)+(data_holdout!$E$2:$E$505<=5))>0)*data_holdout!$J$2:$J$505) | P2: =SUMPRODUCT((data_holdout!$A$2:$A$505=$C2)*(data_holdout!$C$2:$C$505>=$D2)*(data_holdout!$C$2:$C$505<=$E2)*(data_holdout!$D$2:$D$505>=$F2)*(data_holdout!$D$2:$D$505<$G2)*((($H2=0)+(data_holdout!$E$2:$E$505<=5))>0)*data_holdout!$M$2:$M$505) | Q2: =SUMPRODUCT((data_holdout!$A$2:$A$505=$C2)*(data_holdout!$C$2:$C$505>=$D2)*(data_holdout!$C$2:$C$505<=$E2)*(data_holdout!$D$2:$D$505>=$F2)*(data_holdout!$D$2:$D$505<$G2)*((($H2=0)+(data_holdout!$E$2:$E$505<=5))>0)*data_holdout!$K$2:$K$505) | R2: =INT(N2*10000/M2) | S2: =INT(O2*10000/M2) | T2: =IF(K2=1,IF(J2="volume",INT((O2-MAX(0,Q2-INT(M2*0.15)))*10000/M2),INT((N2-MAX(0,P2-INT(M2*0.15)))*10000/M2)),IF(J2="volume",S2,R2)) | U2: =IF(AND(ROUND(I2*100,0)<=IF(J2="volume",S2,R2)+50,ROUND(I2*100,0)<=T2+50),"SUPPORTED","NOT_SUPPORTED") | V2: =U2=L2
A3: H02 | B3: Northbay Fab's renewable certificate purchases this week totaled 100% of what the plant consumed. | C3: NORTHBAY-FAB | D3: 1 | E3: 7 | F3: 0 | G3: 24 | H3: 0 | I3: 100 | J3: volume | K3: 0 | L3: SUPPORTED | M3: =SUMPRODUCT((data_holdout!$A$2:$A$505=$C3)*(data_holdout!$C$2:$C$505>=$D3)*(data_holdout!$C$2:$C$505<=$E3)*(data_holdout!$D$2:$D$505>=$F3)*(data_holdout!$D$2:$D$505<$G3)*((($H3=0)+(data_holdout!$E$2:$E$505<=5))>0)*data_holdout!$F$2:$F$505) | N3: =SUMPRODUCT((data_holdout!$A$2:$A$505=$C3)*(data_holdout!$C$2:$C$505>=$D3)*(data_holdout!$C$2:$C$505<=$E3)*(data_holdout!$D$2:$D$505>=$F3)*(data_holdout!$D$2:$D$505<$G3)*((($H3=0)+(data_holdout!$E$2:$E$505<=5))>0)*data_holdout!$L$2:$L$505) | O3: =SUMPRODUCT((data_holdout!$A$2:$A$505=$C3)*(data_holdout!$C$2:$C$505>=$D3)*(data_holdout!$C$2:$C$505<=$E3)*(data_holdout!$D$2:$D$505>=$F3)*(data_holdout!$D$2:$D$505<$G3)*((($H3=0)+(data_holdout!$E$2:$E$505<=5))>0)*data_holdout!$J$2:$J$505) | P3: =SUMPRODUCT((data_holdout!$A$2:$A$505=$C3)*(data_holdout!$C$2:$C$505>=$D3)*(data_holdout!$C$2:$C$505<=$E3)*(data_holdout!$D$2:$D$505>=$F3)*(data_holdout!$D$2:$D$505<$G3)*((($H3=0)+(data_holdout!$E$2:$E$505<=5))>0)*data_holdout!$M$2:$M$505) | Q3: =SUMPRODUCT((data_holdout!$A$2:$A$505=$C3)*(data_holdout!$C$2:$C$505>=$D3)*(data_holdout!$C$2:$C$505<=$E3)*(data_holdout!$D$2:$D$505>=$F3)*(data_holdout!$D$2:$D$505<$G3)*((($H3=0)+(data_holdout!$E$2:$E$505<=5))>0)*data_holdout!$K$2:$K$505) | R3: =INT(N3*10000/M3) | S3: =INT(O3*10000/M3) | T3: =IF(K3=1,IF(J3="volume",INT((O3-MAX(0,Q3-INT(M3*0.15)))*10000/M3),INT((N3-MAX(0,P3-INT(M3*0.15)))*10000/M3)),IF(J3="volume",S3,R3)) | U3: =IF(AND(ROUND(I3*100,0)<=IF(J3="volume",S3,R3)+50,ROUND(I3*100,0)<=T3+50),"SUPPORTED","NOT_SUPPORTED") | V3: =U3=L3
A4: H03 | B4: Cloudline Data Center ran on renewable power every single hour on 2026-09-23. | C4: CLOUDLINE-DC | D4: 2 | E4: 2 | F4: 0 | G4: 24 | H4: 0 | I4: 100 | J4: hourly | K4: 0 | L4: SUPPORTED | M4: =SUMPRODUCT((data_holdout!$A$2:$A$505=$C4)*(data_holdout!$C$2:$C$505>=$D4)*(data_holdout!$C$2:$C$505<=$E4)*(data_holdout!$D$2:$D$505>=$F4)*(data_holdout!$D$2:$D$505<$G4)*((($H4=0)+(data_holdout!$E$2:$E$505<=5))>0)*data_holdout!$F$2:$F$505) | N4: =SUMPRODUCT((data_holdout!$A$2:$A$505=$C4)*(data_holdout!$C$2:$C$505>=$D4)*(data_holdout!$C$2:$C$505<=$E4)*(data_holdout!$D$2:$D$505>=$F4)*(data_holdout!$D$2:$D$505<$G4)*((($H4=0)+(data_holdout!$E$2:$E$505<=5))>0)*data_holdout!$L$2:$L$505) | O4: =SUMPRODUCT((data_holdout!$A$2:$A$505=$C4)*(data_holdout!$C$2:$C$505>=$D4)*(data_holdout!$C$2:$C$505<=$E4)*(data_holdout!$D$2:$D$505>=$F4)*(data_holdout!$D$2:$D$505<$G4)*((($H4=0)+(data_holdout!$E$2:$E$505<=5))>0)*data_holdout!$J$2:$J$505) | P4: =SUMPRODUCT((data_holdout!$A$2:$A$505=$C4)*(data_holdout!$C$2:$C$505>=$D4)*(data_holdout!$C$2:$C$505<=$E4)*(data_holdout!$D$2:$D$505>=$F4)*(data_holdout!$D$2:$D$505<$G4)*((($H4=0)+(data_holdout!$E$2:$E$505<=5))>0)*data_holdout!$M$2:$M$505) | Q4: =SUMPRODUCT((data_holdout!$A$2:$A$505=$C4)*(data_holdout!$C$2:$C$505>=$D4)*(data_holdout!$C$2:$C$505<=$E4)*(data_holdout!$D$2:$D$505>=$F4)*(data_holdout!$D$2:$D$505<$G4)*((($H4=0)+(data_holdout!$E$2:$E$505<=5))>0)*data_holdout!$K$2:$K$505) | R4: =INT(N4*10000/M4) | S4: =INT(O4*10000/M4) | T4: =IF(K4=1,IF(J4="volume",INT((O4-MAX(0,Q4-INT(M4*0.15)))*10000/M4),INT((N4-MAX(0,P4-INT(M4*0.15)))*10000/M4)),IF(J4="volume",S4,R4)) | U4: =IF(AND(ROUND(I4*100,0)<=IF(J4="volume",S4,R4)+50,ROUND(I4*100,0)<=T4+50),"SUPPORTED","NOT_SUPPORTED") | V4: =U4=L4
A5: H04 | B5: All of Harbor Office's weekday office-hours electricity this week came from renewables. | C5: HARBOR-OFFICE | D5: 1 | E5: 7 | F5: 8 | G5: 19 | H5: 1 | I5: 100 | J5: hourly | K5: 0 | L5: NOT_SUPPORTED | M5: =SUMPRODUCT((data_holdout!$A$2:$A$505=$C5)*(data_holdout!$C$2:$C$505>=$D5)*(data_holdout!$C$2:$C$505<=$E5)*(data_holdout!$D$2:$D$505>=$F5)*(data_holdout!$D$2:$D$505<$G5)*((($H5=0)+(data_holdout!$E$2:$E$505<=5))>0)*data_holdout!$F$2:$F$505) | N5: =SUMPRODUCT((data_holdout!$A$2:$A$505=$C5)*(data_holdout!$C$2:$C$505>=$D5)*(data_holdout!$C$2:$C$505<=$E5)*(data_holdout!$D$2:$D$505>=$F5)*(data_holdout!$D$2:$D$505<$G5)*((($H5=0)+(data_holdout!$E$2:$E$505<=5))>0)*data_holdout!$L$2:$L$505) | O5: =SUMPRODUCT((data_holdout!$A$2:$A$505=$C5)*(data_holdout!$C$2:$C$505>=$D5)*(data_holdout!$C$2:$C$505<=$E5)*(data_holdout!$D$2:$D$505>=$F5)*(data_holdout!$D$2:$D$505<$G5)*((($H5=0)+(data_holdout!$E$2:$E$505<=5))>0)*data_holdout!$J$2:$J$505) | P5: =SUMPRODUCT((data_holdout!$A$2:$A$505=$C5)*(data_holdout!$C$2:$C$505>=$D5)*(data_holdout!$C$2:$C$505<=$E5)*(data_holdout!$D$2:$D$505>=$F5)*(data_holdout!$D$2:$D$505<$G5)*((($H5=0)+(data_holdout!$E$2:$E$505<=5))>0)*data_holdout!$M$2:$M$505) | Q5: =SUMPRODUCT((data_holdout!$A$2:$A$505=$C5)*(data_holdout!$C$2:$C$505>=$D5)*(data_holdout!$C$2:$C$505<=$E5)*(data_holdout!$D$2:$D$505>=$F5)*(data_holdout!$D$2:$D$505<$G5)*((($H5=0)+(data_holdout!$E$2:$E$505<=5))>0)*data_holdout!$K$2:$K$505) | R5: =INT(N5*10000/M5) | S5: =INT(O5*10000/M5) | T5: =IF(K5=1,IF(J5="volume",INT((O5-MAX(0,Q5-INT(M5*0.15)))*10000/M5),INT((N5-MAX(0,P5-INT(M5*0.15)))*10000/M5)),IF(J5="volume",S5,R5)) | U5: =IF(AND(ROUND(I5*100,0)<=IF(J5="volume",S5,R5)+50,ROUND(I5*100,0)<=T5+50),"SUPPORTED","NOT_SUPPORTED") | V5: =U5=L5
A6: H05 | B6: Harbor Office meets RE100 this week: certificates it bought cover 100% of its consumption. | C6: HARBOR-OFFICE | D6: 1 | E6: 7 | F6: 0 | G6: 24 | H6: 0 | I6: 100 | J6: volume | K6: 1 | L6: NOT_SUPPORTED | M6: =SUMPRODUCT((data_holdout!$A$2:$A$505=$C6)*(data_holdout!$C$2:$C$505>=$D6)*(data_holdout!$C$2:$C$505<=$E6)*(data_holdout!$D$2:$D$505>=$F6)*(data_holdout!$D$2:$D$505<$G6)*((($H6=0)+(data_holdout!$E$2:$E$505<=5))>0)*data_holdout!$F$2:$F$505) | N6: =SUMPRODUCT((data_holdout!$A$2:$A$505=$C6)*(data_holdout!$C$2:$C$505>=$D6)*(data_holdout!$C$2:$C$505<=$E6)*(data_holdout!$D$2:$D$505>=$F6)*(data_holdout!$D$2:$D$505<$G6)*((($H6=0)+(data_holdout!$E$2:$E$505<=5))>0)*data_holdout!$L$2:$L$505) | O6: =SUMPRODUCT((data_holdout!$A$2:$A$505=$C6)*(data_holdout!$C$2:$C$505>=$D6)*(data_holdout!$C$2:$C$505<=$E6)*(data_holdout!$D$2:$D$505>=$F6)*(data_holdout!$D$2:$D$505<$G6)*((($H6=0)+(data_holdout!$E$2:$E$505<=5))>0)*data_holdout!$J$2:$J$505) | P6: =SUMPRODUCT((data_holdout!$A$2:$A$505=$C6)*(data_holdout!$C$2:$C$505>=$D6)*(data_holdout!$C$2:$C$505<=$E6)*(data_holdout!$D$2:$D$505>=$F6)*(data_holdout!$D$2:$D$505<$G6)*((($H6=0)+(data_holdout!$E$2:$E$505<=5))>0)*data_holdout!$M$2:$M$505) | Q6: =SUMPRODUCT((data_holdout!$A$2:$A$505=$C6)*(data_holdout!$C$2:$C$505>=$D6)*(data_holdout!$C$2:$C$505<=$E6)*(data_holdout!$D$2:$D$505>=$F6)*(data_holdout!$D$2:$D$505<$G6)*((($H6=0)+(data_holdout!$E$2:$E$505<=5))>0)*data_holdout!$K$2:$K$505) | R6: =INT(N6*10000/M6) | S6: =INT(O6*10000/M6) | T6: =IF(K6=1,IF(J6="volume",INT((O6-MAX(0,Q6-INT(M6*0.15)))*10000/M6),INT((N6-MAX(0,P6-INT(M6*0.15)))*10000/M6)),IF(J6="volume",S6,R6)) | U6: =IF(AND(ROUND(I6*100,0)<=IF(J6="volume",S6,R6)+50,ROUND(I6*100,0)<=T6+50),"SUPPORTED","NOT_SUPPORTED") | V6: =U6=L6
A7: H06 | B7: From 2026-09-22 to 2026-09-24, Northbay Fab matched 86% of its electricity hour by hour. | C7: NORTHBAY-FAB | D7: 1 | E7: 3 | F7: 0 | G7: 24 | H7: 0 | I7: 86 | J7: hourly | K7: 0 | L7: SUPPORTED | M7: =SUMPRODUCT((data_holdout!$A$2:$A$505=$C7)*(data_holdout!$C$2:$C$505>=$D7)*(data_holdout!$C$2:$C$505<=$E7)*(data_holdout!$D$2:$D$505>=$F7)*(data_holdout!$D$2:$D$505<$G7)*((($H7=0)+(data_holdout!$E$2:$E$505<=5))>0)*data_holdout!$F$2:$F$505) | N7: =SUMPRODUCT((data_holdout!$A$2:$A$505=$C7)*(data_holdout!$C$2:$C$505>=$D7)*(data_holdout!$C$2:$C$505<=$E7)*(data_holdout!$D$2:$D$505>=$F7)*(data_holdout!$D$2:$D$505<$G7)*((($H7=0)+(data_holdout!$E$2:$E$505<=5))>0)*data_holdout!$L$2:$L$505) | O7: =SUMPRODUCT((data_holdout!$A$2:$A$505=$C7)*(data_holdout!$C$2:$C$505>=$D7)*(data_holdout!$C$2:$C$505<=$E7)*(data_holdout!$D$2:$D$505>=$F7)*(data_holdout!$D$2:$D$505<$G7)*((($H7=0)+(data_holdout!$E$2:$E$505<=5))>0)*data_holdout!$J$2:$J$505) | P7: =SUMPRODUCT((data_holdout!$A$2:$A$505=$C7)*(data_holdout!$C$2:$C$505>=$D7)*(data_holdout!$C$2:$C$505<=$E7)*(data_holdout!$D$2:$D$505>=$F7)*(data_holdout!$D$2:$D$505<$G7)*((($H7=0)+(data_holdout!$E$2:$E$505<=5))>0)*data_holdout!$M$2:$M$505) | Q7: =SUMPRODUCT((data_holdout!$A$2:$A$505=$C7)*(data_holdout!$C$2:$C$505>=$D7)*(data_holdout!$C$2:$C$505<=$E7)*(data_holdout!$D$2:$D$505>=$F7)*(data_holdout!$D$2:$D$505<$G7)*((($H7=0)+(data_holdout!$E$2:$E$505<=5))>0)*data_holdout!$K$2:$K$505) | R7: =INT(N7*10000/M7) | S7: =INT(O7*10000/M7) | T7: =IF(K7=1,IF(J7="volume",INT((O7-MAX(0,Q7-INT(M7*0.15)))*10000/M7),INT((N7-MAX(0,P7-INT(M7*0.15)))*10000/M7)),IF(J7="volume",S7,R7)) | U7: =IF(AND(ROUND(I7*100,0)<=IF(J7="volume",S7,R7)+50,ROUND(I7*100,0)<=T7+50),"SUPPORTED","NOT_SUPPORTED") | V7: =U7=L7
A8: H07 | B8: On 2026-09-26, Northbay Fab matched 48% of its electricity hour by hour. | C8: NORTHBAY-FAB | D8: 5 | E8: 5 | F8: 0 | G8: 24 | H8: 0 | I8: 48 | J8: hourly | K8: 0 | L8: NOT_SUPPORTED | M8: =SUMPRODUCT((data_holdout!$A$2:$A$505=$C8)*(data_holdout!$C$2:$C$505>=$D8)*(data_holdout!$C$2:$C$505<=$E8)*(data_holdout!$D$2:$D$505>=$F8)*(data_holdout!$D$2:$D$505<$G8)*((($H8=0)+(data_holdout!$E$2:$E$505<=5))>0)*data_holdout!$F$2:$F$505) | N8: =SUMPRODUCT((data_holdout!$A$2:$A$505=$C8)*(data_holdout!$C$2:$C$505>=$D8)*(data_holdout!$C$2:$C$505<=$E8)*(data_holdout!$D$2:$D$505>=$F8)*(data_holdout!$D$2:$D$505<$G8)*((($H8=0)+(data_holdout!$E$2:$E$505<=5))>0)*data_holdout!$L$2:$L$505) | O8: =SUMPRODUCT((data_holdout!$A$2:$A$505=$C8)*(data_holdout!$C$2:$C$505>=$D8)*(data_holdout!$C$2:$C$505<=$E8)*(data_holdout!$D$2:$D$505>=$F8)*(data_holdout!$D$2:$D$505<$G8)*((($H8=0)+(data_holdout!$E$2:$E$505<=5))>0)*data_holdout!$J$2:$J$505) | P8: =SUMPRODUCT((data_holdout!$A$2:$A$505=$C8)*(data_holdout!$C$2:$C$505>=$D8)*(data_holdout!$C$2:$C$505<=$E8)*(data_holdout!$D$2:$D$505>=$F8)*(data_holdout!$D$2:$D$505<$G8)*((($H8=0)+(data_holdout!$E$2:$E$505<=5))>0)*data_holdout!$M$2:$M$505) | Q8: =SUMPRODUCT((data_holdout!$A$2:$A$505=$C8)*(data_holdout!$C$2:$C$505>=$D8)*(data_holdout!$C$2:$C$505<=$E8)*(data_holdout!$D$2:$D$505>=$F8)*(data_holdout!$D$2:$D$505<$G8)*((($H8=0)+(data_holdout!$E$2:$E$505<=5))>0)*data_holdout!$K$2:$K$505) | R8: =INT(N8*10000/M8) | S8: =INT(O8*10000/M8) | T8: =IF(K8=1,IF(J8="volume",INT((O8-MAX(0,Q8-INT(M8*0.15)))*10000/M8),INT((N8-MAX(0,P8-INT(M8*0.15)))*10000/M8)),IF(J8="volume",S8,R8)) | U8: =IF(AND(ROUND(I8*100,0)<=IF(J8="volume",S8,R8)+50,ROUND(I8*100,0)<=T8+50),"SUPPORTED","NOT_SUPPORTED") | V8: =U8=L8
A9: H08 | B9: Cloudline Data Center: 100% of this week's consumption was covered by renewable certificate purchases. | C9: CLOUDLINE-DC | D9: 1 | E9: 7 | F9: 0 | G9: 24 | H9: 0 | I9: 100 | J9: volume | K9: 0 | L9: SUPPORTED | M9: =SUMPRODUCT((data_holdout!$A$2:$A$505=$C9)*(data_holdout!$C$2:$C$505>=$D9)*(data_holdout!$C$2:$C$505<=$E9)*(data_holdout!$D$2:$D$505>=$F9)*(data_holdout!$D$2:$D$505<$G9)*((($H9=0)+(data_holdout!$E$2:$E$505<=5))>0)*data_holdout!$F$2:$F$505) | N9: =SUMPRODUCT((data_holdout!$A$2:$A$505=$C9)*(data_holdout!$C$2:$C$505>=$D9)*(data_holdout!$C$2:$C$505<=$E9)*(data_holdout!$D$2:$D$505>=$F9)*(data_holdout!$D$2:$D$505<$G9)*((($H9=0)+(data_holdout!$E$2:$E$505<=5))>0)*data_holdout!$L$2:$L$505) | O9: =SUMPRODUCT((data_holdout!$A$2:$A$505=$C9)*(data_holdout!$C$2:$C$505>=$D9)*(data_holdout!$C$2:$C$505<=$E9)*(data_holdout!$D$2:$D$505>=$F9)*(data_holdout!$D$2:$D$505<$G9)*((($H9=0)+(data_holdout!$E$2:$E$505<=5))>0)*data_holdout!$J$2:$J$505) | P9: =SUMPRODUCT((data_holdout!$A$2:$A$505=$C9)*(data_holdout!$C$2:$C$505>=$D9)*(data_holdout!$C$2:$C$505<=$E9)*(data_holdout!$D$2:$D$505>=$F9)*(data_holdout!$D$2:$D$505<$G9)*((($H9=0)+(data_holdout!$E$2:$E$505<=5))>0)*data_holdout!$M$2:$M$505) | Q9: =SUMPRODUCT((data_holdout!$A$2:$A$505=$C9)*(data_holdout!$C$2:$C$505>=$D9)*(data_holdout!$C$2:$C$505<=$E9)*(data_holdout!$D$2:$D$505>=$F9)*(data_holdout!$D$2:$D$505<$G9)*((($H9=0)+(data_holdout!$E$2:$E$505<=5))>0)*data_holdout!$K$2:$K$505) | R9: =INT(N9*10000/M9) | S9: =INT(O9*10000/M9) | T9: =IF(K9=1,IF(J9="volume",INT((O9-MAX(0,Q9-INT(M9*0.15)))*10000/M9),INT((N9-MAX(0,P9-INT(M9*0.15)))*10000/M9)),IF(J9="volume",S9,R9)) | U9: =IF(AND(ROUND(I9*100,0)<=IF(J9="volume",S9,R9)+50,ROUND(I9*100,0)<=T9+50),"SUPPORTED","NOT_SUPPORTED") | V9: =U9=L9
A11: correct | B11: =COUNTIF(V2:V9,TRUE) | C11: of | D11: 8
